date,entity_id,desk_id,trader_id,instrument,account_id,authorized_flag,secret_account_flag,quantity,price,actual_pnl,reported_pnl,hidden_loss,trade_hour,fraud_label
1995-01-09,BFS_SINGAPORE,EQUITY_DERIVATIVES_APAC,NICK_LEESON,NIKKEI_FUT,AUTH_MAIN,1,0,3531.45,19320.0,792446.24,792446.24,0.0,23,0
1995-01-09,BFS_SINGAPORE,EQUITY_DERIVATIVES_APAC,NICK_LEESON,JGB_FUT,88888,0,1,1079.13,143.2,-259030.09,-229889.21,29140.89,23,0
1995-01-09,BFS_SINGAPORE,EQUITY_DERIVATIVES_APAC,NICK_LEESON,NIKKEI_SHORT_VOL,AUTH_MAIN,1,0,467.09,19320.0,-4814380.33,-4272762.55,541617.79,22,0
1995-01-10,BFS_SINGAPORE,EQUITY_DERIVATIVES_APAC,NICK_LEESON,NIKKEI_FUT,AUTH_MAIN,1,0,4149.54,19410.0,723357.88,723357.88,0.0,20,0
1995-01-10,BFS_SINGAPORE,EQUITY_DERIVATIVES_APAC,NICK_LEESON,JGB_FUT,AUTH_MAIN,1,0,1180.91,143.0,-144110.69,-127898.24,16212.45,18,0
1995-01-10,BFS_SINGAPORE,EQUITY_DERIVATIVES_APAC,NICK_LEESON,NIKKEI_SHORT_VOL,88888,0,1,396.36,19410.0,-4155061.03,-3687616.66,467444.37,17,0
1995-01-11,BFS_SINGAPORE,EQUITY_DERIVATIVES_APAC,NICK_LEESON,NIKKEI_FUT,88888,0,1,4471.68,19350.0,-373012.02,-331048.16,41963.85,23,0
1995-01-11,BFS_SINGAPORE,EQUITY_DERIVATIVES_APAC,NICK_LEESON,JGB_FUT,88888,0,1,1112.27,142.8,-293262.78,-260270.72,32992.06,23,0
1995-01-11,BFS_SINGAPORE,EQUITY_DERIVATIVES_APAC,NICK_LEESON,NIKKEI_SHORT_VOL,88888,0,1,440.07,19350.0,-5169070.47,-4587550.04,581520.43,23,0
1995-01-12,BFS_SINGAPORE,EQUITY_DERIVATIVES_APAC,NICK_LEESON,NIKKEI_FUT,AUTH_MAIN,1,0,5136.97,19480.0,1524884.38,1524884.38,0.0,20,0
1995-01-12,BFS_SINGAPORE,EQUITY_DERIVATIVES_APAC,NICK_LEESON,JGB_FUT,AUTH_MAIN,1,0,1117.89,142.3,260063.7,260063.7,0.0,19,0
1995-01-12,BFS_SINGAPORE,EQUITY_DERIVATIVES_APAC,NICK_LEESON,NIKKEI_SHORT_VOL,88888,0,1,388.27,19480.0,-4456033.58,-3954729.8,501303.78,17,0
1995-01-13,BFS_SINGAPORE,EQUITY_DERIVATIVES_APAC,NICK_LEESON,NIKKEI_FUT,AUTH_MAIN,1,0,6278.67,19260.0,-2088200.71,-1853278.13,234922.58,23,0
1995-01-13,BFS_SINGAPORE,EQUITY_DERIVATIVES_APAC,NICK_LEESON,JGB_FUT,AUTH_MAIN,1,0,1436.19,142.0,348890.27,348890.27,0.0,23,0
1995-01-13,BFS_SINGAPORE,EQUITY_DERIVATIVES_APAC,NICK_LEESON,NIKKEI_SHORT_VOL,88888,0,1,420.84,19260.0,-5834992.44,-5178555.79,656436.65,23,0
1995-01-16,BFS_SINGAPORE,EQUITY_DERIVATIVES_APAC,NICK_LEESON,NIKKEI_FUT,88888,0,1,7560.26,19140.0,-1164889.69,-1033839.6,131050.09,23,0
1995-01-16,BFS_SINGAPORE,EQUITY_DERIVATIVES_APAC,NICK_LEESON,JGB_FUT,AUTH_MAIN,1,0,1658.22,141.9,821861.95,821861.95,0.0,20,0
1995-01-16,BFS_SINGAPORE,EQUITY_DERIVATIVES_APAC,NICK_LEESON,NIKKEI_SHORT_VOL,AUTH_MAIN,1,0,438.48,19140.0,-5607707.43,-4976840.34,630867.09,18,0
1995-01-17,BFS_SINGAPORE,EQUITY_DERIVATIVES_APAC,NICK_LEESON,NIKKEI_FUT,AUTH_MAIN,1,0,8047.07,18550.0,-8831193.06,-7837683.84,993509.22,23,0
1995-01-17,BFS_SINGAPORE,EQUITY_DERIVATIVES_APAC,NICK_LEESON,JGB_FUT,AUTH_MAIN,1,0,1905.89,141.3,372798.17,372798.17,0.0,16,0
1995-01-17,BFS_SINGAPORE,EQUITY_DERIVATIVES_APAC,NICK_LEESON,NIKKEI_SHORT_VOL,AUTH_MAIN,1,0,559.13,18550.0,-11185136.94,-9926809.04,1258327.91,20,0
1995-01-18,BFS_SINGAPORE,EQUITY_DERIVATIVES_APAC,NICK_LEESON,NIKKEI_FUT,88888,0,1,9174.8,18110.0,-8396053.01,-7451497.05,944555.96,21,0
1995-01-18,BFS_SINGAPORE,EQUITY_DERIVATIVES_APAC,NICK_LEESON,JGB_FUT,88888,0,1,2205.66,140.8,-468585.98,-415870.06,52715.92,22,0
1995-01-18,BFS_SINGAPORE,EQUITY_DERIVATIVES_APAC,NICK_LEESON,NIKKEI_SHORT_VOL,88888,0,1,647.64,18110.0,-14371718.7,-12754900.35,1616818.35,17,0
1995-01-19,BFS_SINGAPORE,EQUITY_DERIVATIVES_APAC,NICK_LEESON,NIKKEI_FUT,AUTH_MAIN,1,0,10136.56,18320.0,4263306.76,4263306.76,0.0,18,0
1995-01-19,BFS_SINGAPORE,EQUITY_DERIVATIVES_APAC,NICK_LEESON,JGB_FUT,88888,0,1,2410.49,140.5,-654184.29,-580588.56,73595.73,20,0
1995-01-19,BFS_SINGAPORE,EQUITY_DERIVATIVES_APAC,NICK_LEESON,NIKKEI_SHORT_VOL,88888,0,1,679.65,18320.0,-13220972.44,-11733613.04,1487359.4,18,0
1995-01-20,BFS_SINGAPORE,EQUITY_DERIVATIVES_APAC,NICK_LEESON,NIKKEI_FUT,AUTH_MAIN,1,0,12174.35,18480.0,4066946.5,4066946.5,0.0,17,0
1995-01-20,BFS_SINGAPORE,EQUITY_DERIVATIVES_APAC,NICK_LEESON,JGB_FUT,88888,0,1,2623.77,140.1,-10193.5,-9046.73,1146.77,20,0
1995-01-20,BFS_SINGAPORE,EQUITY_DERIVATIVES_APAC,NICK_LEESON,NIKKEI_SHORT_VOL,88888,0,1,792.28,18480.0,-12338530.15,-10950445.51,1388084.64,23,0
1995-01-23,BFS_SINGAPORE,EQUITY_DERIVATIVES_APAC,NICK_LEESON,NIKKEI_FUT,88888,0,1,13035.4,18360.0,-2686460.71,-2384233.88,302226.83,18,0
1995-01-23,BFS_SINGAPORE,EQUITY_DERIVATIVES_APAC,NICK_LEESON,JGB_FUT,AUTH_MAIN,1,0,2610.05,139.9,228207.94,228207.94,0.0,19,0
1995-01-23,BFS_SINGAPORE,EQUITY_DERIVATIVES_APAC,NICK_LEESON,NIKKEI_SHORT_VOL,88888,0,1,1062.43,18360.0,-12119393.72,-10755961.93,1363431.79,23,0
1995-01-24,BFS_SINGAPORE,EQUITY_DERIVATIVES_APAC,NICK_LEESON,NIKKEI_FUT,88888,0,1,16230.58,18210.0,-4297179.66,-3813746.95,483432.71,23,0
1995-01-24,BFS_SINGAPORE,EQUITY_DERIVATIVES_APAC,NICK_LEESON,JGB_FUT,AUTH_MAIN,1,0,2804.1,139.6,345563.61,345563.61,0.0,23,0
1995-01-24,BFS_SINGAPORE,EQUITY_DERIVATIVES_APAC,NICK_LEESON,NIKKEI_SHORT_VOL,88888,0,1,1183.33,18210.0,-10776050.34,-9563744.67,1212305.66,18,0
1995-01-25,BFS_SINGAPORE,EQUITY_DERIVATIVES_APAC,NICK_LEESON,NIKKEI_FUT,88888,0,1,18522.19,18080.0,-4981976.94,-4421504.53,560472.41,20,0
1995-01-25,BFS_SINGAPORE,EQUITY_DERIVATIVES_APAC,NICK_LEESON,JGB_FUT,AUTH_MAIN,1,0,3516.48,139.5,-485779.82,-431129.59,54650.23,21,0
1995-01-25,BFS_SINGAPORE,EQUITY_DERIVATIVES_APAC,NICK_LEESON,NIKKEI_SHORT_VOL,88888,0,1,1417.31,18080.0,-10252956.47,-9099498.86,1153457.6,23,0
1995-01-26,BFS_SINGAPORE,EQUITY_DERIVATIVES_APAC,NICK_LEESON,NIKKEI_FUT,88888,0,1,21592.55,17990.0,-3164240.41,-2808263.37,355977.05,22,0
1995-01-26,BFS_SINGAPORE,EQUITY_DERIVATIVES_APAC,NICK_LEESON,JGB_FUT,88888,0,1,4324.14,139.7,-22633.61,-20087.33,2546.28,20,0
1995-01-26,BFS_SINGAPORE,EQUITY_DERIVATIVES_APAC,NICK_LEESON,NIKKEI_SHORT_VOL,88888,0,1,1539.93,17990.0,-9669823.2,-8581968.09,1087855.11,23,0
1995-01-27,BFS_SINGAPORE,EQUITY_DERIVATIVES_APAC,NICK_LEESON,NIKKEI_FUT,AUTH_MAIN,1,0,23893.92,18170.0,9004833.08,9004833.08,0.0,17,0
1995-01-27,BFS_SINGAPORE,EQUITY_DERIVATIVES_APAC,NICK_LEESON,JGB_FUT,AUTH_MAIN,1,0,4196.81,139.9,276165.97,276165.97,0.0,17,0
1995-01-27,BFS_SINGAPORE,EQUITY_DERIVATIVES_APAC,NICK_LEESON,NIKKEI_SHORT_VOL,88888,0,1,1764.89,18170.0,-10201335.21,-9053685.0,1147650.21,12,0
1995-01-30,BFS_SINGAPORE,EQUITY_DERIVATIVES_APAC,NICK_LEESON,NIKKEI_FUT,88888,0,1,28734.9,18040.0,-7219111.86,-6406961.77,812150.08,23,0
1995-01-30,BFS_SINGAPORE,EQUITY_DERIVATIVES_APAC,NICK_LEESON,JGB_FUT,AUTH_MAIN,1,0,5205.66,140.3,1442387.8,1442387.8,0.0,23,0
1995-01-30,BFS_SINGAPORE,EQUITY_DERIVATIVES_APAC,NICK_LEESON,NIKKEI_SHORT_VOL,88888,0,1,1724.59,18040.0,-10322176.18,-9160931.36,1161244.82,23,0
1995-01-31,BFS_SINGAPORE,EQUITY_DERIVATIVES_APAC,NICK_LEESON,NIKKEI_FUT,88888,0,1,34160.54,17930.0,-6985875.32,-6199964.35,785910.97,20,0
1995-01-31,BFS_SINGAPORE,EQUITY_DERIVATIVES_APAC,NICK_LEESON,JGB_FUT,AUTH_MAIN,1,0,6231.84,140.8,539258.75,539258.75,0.0,17,0
1995-01-31,BFS_SINGAPORE,EQUITY_DERIVATIVES_APAC,NICK_LEESON,NIKKEI_SHORT_VOL,88888,0,1,2016.33,17930.0,-10404007.42,-9233556.58,1170450.83,23,0
1995-02-01,BFS_SINGAPORE,EQUITY_DERIVATIVES_APAC,NICK_LEESON,NIKKEI_FUT,88888,0,1,36482.87,17820.0,-7544232.41,-6695506.26,848726.15,22,0
1995-02-01,BFS_SINGAPORE,EQUITY_DERIVATIVES_APAC,NICK_LEESON,JGB_FUT,AUTH_MAIN,1,0,7486.91,141.0,634869.03,634869.03,0.0,20,0
1995-02-01,BFS_SINGAPORE,EQUITY_DERIVATIVES_APAC,NICK_LEESON,NIKKEI_SHORT_VOL,AUTH_MAIN,1,0,2322.53,17820.0,-10410982.36,-9239746.85,1171235.52,20,0
1995-02-02,BFS_SINGAPORE,EQUITY_DERIVATIVES_APAC,NICK_LEESON,NIKKEI_FUT,88888,0,1,40511.23,17760.0,-4350454.4,-3861028.28,489426.12,22,0
1995-02-02,BFS_SINGAPORE,EQUITY_DERIVATIVES_APAC,NICK_LEESON,JGB_FUT,AUTH_MAIN,1,0,7449.76,141.3,100689.97,100689.97,0.0,22,0
1995-02-02,BFS_SINGAPORE,EQUITY_DERIVATIVES_APAC,NICK_LEESON,NIKKEI_SHORT_VOL,88888,0,1,2777.71,17760.0,-9880197.24,-8768675.05,1111522.19,18,0
1995-02-03,BFS_SINGAPORE,EQUITY_DERIVATIVES_APAC,NICK_LEESON,NIKKEI_FUT,AUTH_MAIN,1,0,48805.85,17890.0,11625435.27,11625435.27,0.0,20,0
1995-02-03,BFS_SINGAPORE,EQUITY_DERIVATIVES_APAC,NICK_LEESON,JGB_FUT,AUTH_MAIN,1,0,8393.89,141.5,181009.53,181009.53,0.0,23,0
1995-02-03,BFS_SINGAPORE,EQUITY_DERIVATIVES_APAC,NICK_LEESON,NIKKEI_SHORT_VOL,88888,0,1,2628.93,17890.0,-9398186.51,-8340890.53,1057295.98,20,0
1995-02-06,BFS_SINGAPORE,EQUITY_DERIVATIVES_APAC,NICK_LEESON,NIKKEI_FUT,AUTH_MAIN,1,0,62784.99,17940.0,5668600.74,5668600.74,0.0,21,0
1995-02-06,BFS_SINGAPORE,EQUITY_DERIVATIVES_APAC,NICK_LEESON,JGB_FUT,88888,0,1,9101.38,141.6,-395000.38,-350562.84,44437.54,21,0
1995-02-06,BFS_SINGAPORE,EQUITY_DERIVATIVES_APAC,NICK_LEESON,NIKKEI_SHORT_VOL,88888,0,1,2637.76,17940.0,-8431068.61,-7482573.39,948495.22,15,0
1995-02-07,BFS_SINGAPORE,EQUITY_DERIVATIVES_APAC,NICK_LEESON,NIKKEI_FUT,AUTH_MAIN,1,0,62938.46,18060.0,14822478.2,14822478.2,0.0,23,0
1995-02-07,BFS_SINGAPORE,EQUITY_DERIVATIVES_APAC,NICK_LEESON,JGB_FUT,88888,0,1,11128.87,141.7,-303816.07,-269636.76,34179.31,22,0
1995-02-07,BFS_SINGAPORE,EQUITY_DERIVATIVES_APAC,NICK_LEESON,NIKKEI_SHORT_VOL,88888,0,1,2620.51,18060.0,-8059080.47,-7152433.92,906646.55,23,0
1995-02-08,BFS_SINGAPORE,EQUITY_DERIVATIVES_APAC,NICK_LEESON,NIKKEI_FUT,AUTH_MAIN,1,0,68334.93,18120.0,6838404.24,6838404.24,0.0,21,0
1995-02-08,BFS_SINGAPORE,EQUITY_DERIVATIVES_APAC,NICK_LEESON,JGB_FUT,88888,0,1,12792.14,141.9,-649843.69,-576736.27,73107.41,16,0
1995-02-08,BFS_SINGAPORE,EQUITY_DERIVATIVES_APAC,NICK_LEESON,NIKKEI_SHORT_VOL,88888,0,1,2790.54,18120.0,-7976117.7,-7078804.46,897313.24,21,0
1995-02-09,BFS_SINGAPORE,EQUITY_DERIVATIVES_APAC,NICK_LEESON,NIKKEI_FUT,AUTH_MAIN,1,0,81730.07,18290.0,23117683.03,23117683.03,0.0,21,0
1995-02-09,BFS_SINGAPORE,EQUITY_DERIVATIVES_APAC,NICK_LEESON,JGB_FUT,88888,0,1,15095.13,142.1,-38407.19,-34086.38,4320.81,21,0
1995-02-09,BFS_SINGAPORE,EQUITY_DERIVATIVES_APAC,NICK_LEESON,NIKKEI_SHORT_VOL,88888,0,1,3505.75,18290.0,-7206747.95,-6395988.8,810759.14,18,0
1995-02-10,BFS_SINGAPORE,EQUITY_DERIVATIVES_APAC,NICK_LEESON,NIKKEI_FUT,AUTH_MAIN,1,0,86303.25,18360.0,9962463.77,9962463.77,0.0,22,1
1995-02-10,BFS_SINGAPORE,EQUITY_DERIVATIVES_APAC,NICK_LEESON,JGB_FUT,AUTH_MAIN,1,0,16344.73,142.2,-266054.39,-66513.6,199540.79,18,1
1995-02-10,BFS_SINGAPORE,EQUITY_DERIVATIVES_APAC,NICK_LEESON,NIKKEI_SHORT_VOL,88888,0,1,3869.63,18360.0,-8018636.33,-2004659.08,6013977.25,18,1
1995-02-13,BFS_SINGAPORE,EQUITY_DERIVATIVES_APAC,NICK_LEESON,NIKKEI_FUT,88888,0,1,93569.2,18210.0,-23800003.59,-5950000.9,17850002.69,19,1
1995-02-13,BFS_SINGAPORE,EQUITY_DERIVATIVES_APAC,NICK_LEESON,JGB_FUT,88888,0,1,16017.46,142.0,-555542.67,-138885.67,416657.0,20,1
1995-02-13,BFS_SINGAPORE,EQUITY_DERIVATIVES_APAC,NICK_LEESON,NIKKEI_SHORT_VOL,88888,0,1,5062.12,18210.0,-7532273.43,-1883068.36,5649205.07,23,1
1995-02-14,BFS_SINGAPORE,EQUITY_DERIVATIVES_APAC,NICK_LEESON,NIKKEI_FUT,88888,0,1,112738.42,18140.0,-13546883.64,-3386720.91,10160162.73,22,1
1995-02-14,BFS_SINGAPORE,EQUITY_DERIVATIVES_APAC,NICK_LEESON,JGB_FUT,AUTH_MAIN,1,0,16123.05,142.2,215700.19,215700.19,0.0,23,1
1995-02-14,BFS_SINGAPORE,EQUITY_DERIVATIVES_APAC,NICK_LEESON,NIKKEI_SHORT_VOL,88888,0,1,5596.13,18140.0,-7731045.01,-1932761.25,5798283.75,23,1
1995-02-15,BFS_SINGAPORE,EQUITY_DERIVATIVES_APAC,NICK_LEESON,NIKKEI_FUT,88888,0,1,143989.36,18010.0,-32676388.54,-8169097.13,24507291.4,23,1
1995-02-15,BFS_SINGAPORE,EQUITY_DERIVATIVES_APAC,NICK_LEESON,JGB_FUT,AUTH_MAIN,1,0,16062.58,142.3,469135.86,469135.86,0.0,23,1
1995-02-15,BFS_SINGAPORE,EQUITY_DERIVATIVES_APAC,NICK_LEESON,NIKKEI_SHORT_VOL,AUTH_MAIN,1,0,6497.56,18010.0,-8601196.97,-2150299.24,6450897.73,23,1
1995-02-16,BFS_SINGAPORE,EQUITY_DERIVATIVES_APAC,NICK_LEESON,NIKKEI_FUT,88888,0,1,146446.98,17880.0,-33704141.75,-8426035.44,25278106.31,22,1
1995-02-16,BFS_SINGAPORE,EQUITY_DERIVATIVES_APAC,NICK_LEESON,JGB_FUT,88888,0,1,20031.19,142.7,-429443.11,-107360.78,322082.34,22,1
1995-02-16,BFS_SINGAPORE,EQUITY_DERIVATIVES_APAC,NICK_LEESON,NIKKEI_SHORT_VOL,AUTH_MAIN,1,0,7107.13,17880.0,-8921388.27,-2230347.07,6691041.2,23,1
1995-02-17,BFS_SINGAPORE,EQUITY_DERIVATIVES_APAC,NICK_LEESON,NIKKEI_FUT,88888,0,1,175039.42,17740.0,-45708778.69,-11427194.67,34281584.01,22,1
1995-02-17,BFS_SINGAPORE,EQUITY_DERIVATIVES_APAC,NICK_LEESON,JGB_FUT,AUTH_MAIN,1,0,24506.97,142.9,365359.64,365359.64,0.0,23,1
1995-02-17,BFS_SINGAPORE,EQUITY_DERIVATIVES_APAC,NICK_LEESON,NIKKEI_SHORT_VOL,AUTH_MAIN,1,0,7943.67,17740.0,-9515481.23,-2378870.31,7136610.92,23,1
1995-02-20,BFS_SINGAPORE,EQUITY_DERIVATIVES_APAC,NICK_LEESON,NIKKEI_FUT,88888,0,1,199449.64,17620.0,-46458979.61,-11614744.9,34844234.71,17,1
1995-02-20,BFS_SINGAPORE,EQUITY_DERIVATIVES_APAC,NICK_LEESON,JGB_FUT,AUTH_MAIN,1,0,28591.87,143.1,12352.03,12352.03,0.0,18,1
1995-02-20,BFS_SINGAPORE,EQUITY_DERIVATIVES_APAC,NICK_LEESON,NIKKEI_SHORT_VOL,88888,0,1,7629.46,17620.0,-10449041.61,-2612260.4,7836781.21,19,1
1995-02-21,BFS_SINGAPORE,EQUITY_DERIVATIVES_APAC,NICK_LEESON,NIKKEI_FUT,88888,0,1,227807.88,17510.0,-46019777.07,-11504944.27,34514832.8,22,1
1995-02-21,BFS_SINGAPORE,EQUITY_DERIVATIVES_APAC,NICK_LEESON,JGB_FUT,AUTH_MAIN,1,0,29085.21,143.3,840170.46,840170.46,0.0,23,1
1995-02-21,BFS_SINGAPORE,EQUITY_DERIVATIVES_APAC,NICK_LEESON,NIKKEI_SHORT_VOL,88888,0,1,9179.71,17510.0,-10208984.28,-2552246.07,7656738.21,23,1
1995-02-22,BFS_SINGAPORE,EQUITY_DERIVATIVES_APAC,NICK_LEESON,NIKKEI_FUT,88888,0,1,292068.85,17360.0,-90607375.85,-22651843.96,67955531.89,18,1
1995-02-22,BFS_SINGAPORE,EQUITY_DERIVATIVES_APAC,NICK_LEESON,JGB_FUT,AUTH_MAIN,1,0,34061.32,143.7,-183179.68,-45794.92,137384.76,21,1
1995-02-22,BFS_SINGAPORE,EQUITY_DERIVATIVES_APAC,NICK_LEESON,NIKKEI_SHORT_VOL,88888,0,1,9521.56,17360.0,-11473333.27,-2868333.32,8604999.95,15,1
1995-02-23,BFS_SINGAPORE,EQUITY_DERIVATIVES_APAC,NICK_LEESON,NIKKEI_FUT,88888,0,1,300418.43,17190.0,-108236448.59,-27059112.15,81177336.44,23,1
1995-02-23,BFS_SINGAPORE,EQUITY_DERIVATIVES_APAC,NICK_LEESON,JGB_FUT,88888,0,1,33741.57,144.0,-329707.37,-82426.84,247280.53,23,1
1995-02-23,BFS_SINGAPORE,EQUITY_DERIVATIVES_APAC,NICK_LEESON,NIKKEI_SHORT_VOL,88888,0,1,12078.85,17190.0,-13116292.71,-3279073.18,9837219.53,21,1
1995-02-24,BFS_SINGAPORE,EQUITY_DERIVATIVES_APAC,NICK_LEESON,NIKKEI_FUT,88888,0,1,340648.65,17020.0,-127677289.29,-31919322.32,95757966.96,23,1
1995-02-24,BFS_SINGAPORE,EQUITY_DERIVATIVES_APAC,NICK_LEESON,JGB_FUT,88888,0,1,39624.64,144.3,-593585.5,-148396.37,445189.12,20,1
1995-02-24,BFS_SINGAPORE,EQUITY_DERIVATIVES_APAC,NICK_LEESON,NIKKEI_SHORT_VOL,88888,0,1,12784.69,17020.0,-14743094.46,-3685773.62,11057320.85,20,1
1995-02-27,BFS_SINGAPORE,EQUITY_DERIVATIVES_APAC,NICK_LEESON,NIKKEI_FUT,88888,0,1,405864.17,16880.0,-125105098.94,-31276274.74,93828824.21,20,1
1995-02-27,BFS_SINGAPORE,EQUITY_DERIVATIVES_APAC,NICK_LEESON,JGB_FUT,AUTH_MAIN,1,0,41585.29,144.5,-281441.33,-70360.33,211081.0,17,1
1995-02-27,BFS_SINGAPORE,EQUITY_DERIVATIVES_APAC,NICK_LEESON,NIKKEI_SHORT_VOL,88888,0,1,15534.91,16880.0,-15279065.02,-3819766.26,11459298.77,22,1
1995-02-28,BFS_SINGAPORE,EQUITY_DERIVATIVES_APAC,NICK_LEESON,NIKKEI_FUT,AUTH_MAIN,1,0,409398.53,16970.0,73970503.59,73970503.59,0.0,22,1
1995-02-28,BFS_SINGAPORE,EQUITY_DERIVATIVES_APAC,NICK_LEESON,JGB_FUT,88888,0,1,46364.77,144.7,-117781.55,-29445.39,88336.16,23,1
1995-02-28,BFS_SINGAPORE,EQUITY_DERIVATIVES_APAC,NICK_LEESON,NIKKEI_SHORT_VOL,88888,0,1,18976.65,16970.0,-13004899.81,-3251224.95,9753674.86,15,1
1995-03-01,BFS_SINGAPORE,EQUITY_DERIVATIVES_APAC,NICK_LEESON,NIKKEI_FUT,AUTH_MAIN,1,0,492617.99,17134.1593,178569358.99,178569358.99,0.0,20,1
1995-03-01,BFS_SINGAPORE,EQUITY_DERIVATIVES_APAC,NICK_LEESON,JGB_FUT,AUTH_MAIN,1,0,58954.21,144.674,-343486.31,-85871.58,257614.73,19,1
1995-03-01,BFS_SINGAPORE,EQUITY_DERIVATIVES_APAC,NICK_LEESON,NIKKEI_SHORT_VOL,AUTH_MAIN,1,0,21129.9,17134.1593,-13529891.84,-3382472.96,10147418.88,20,1
1995-03-02,BFS_SINGAPORE,EQUITY_DERIVATIVES_APAC,NICK_LEESON,NIKKEI_FUT,88888,0,1,595563.34,16940.0382,-251881465.24,-62970366.31,188911098.93,23,1
1995-03-02,BFS_SINGAPORE,EQUITY_DERIVATIVES_APAC,NICK_LEESON,JGB_FUT,88888,0,1,58904.16,145.0178,-1582094.81,-395523.7,1186571.11,22,1
1995-03-02,BFS_SINGAPORE,EQUITY_DERIVATIVES_APAC,NICK_LEESON,NIKKEI_SHORT_VOL,88888,0,1,24618.0,16940.0382,-13466059.99,-3366515.0,10099544.99,21,1
1995-03-03,BFS_SINGAPORE,EQUITY_DERIVATIVES_APAC,NICK_LEESON,NIKKEI_FUT,88888,0,1,707848.83,16786.4735,-234813977.38,-58703494.35,176110483.04,23,1
1995-03-03,BFS_SINGAPORE,EQUITY_DERIVATIVES_APAC,NICK_LEESON,JGB_FUT,88888,0,1,72780.65,145.1511,-108001.3,-27000.33,81000.98,23,1
1995-03-03,BFS_SINGAPORE,EQUITY_DERIVATIVES_APAC,NICK_LEESON,NIKKEI_SHORT_VOL,88888,0,1,28978.02,16786.4735,-14536338.15,-3634084.54,10902253.62,13,1
1995-03-04,BFS_SINGAPORE,EQUITY_DERIVATIVES_APAC,NICK_LEESON,NIKKEI_FUT,AUTH_MAIN,1,0,729504.87,16737.0122,-79555573.78,-19888893.45,59666680.34,20,1
1995-03-04,BFS_SINGAPORE,EQUITY_DERIVATIVES_APAC,NICK_LEESON,JGB_FUT,AUTH_MAIN,1,0,68220.28,145.1291,103961.38,103961.38,0.0,22,1
1995-03-04,BFS_SINGAPORE,EQUITY_DERIVATIVES_APAC,NICK_LEESON,NIKKEI_SHORT_VOL,88888,0,1,32828.74,16737.0122,-14796477.36,-3699119.34,11097358.02,11,1
1995-03-05,BFS_SINGAPORE,EQUITY_DERIVATIVES_APAC,NICK_LEESON,NIKKEI_FUT,AUTH_MAIN,1,0,792971.16,16748.6917,20149219.84,20149219.84,0.0,20,1
1995-03-05,BFS_SINGAPORE,EQUITY_DERIVATIVES_APAC,NICK_LEESON,JGB_FUT,88888,0,1,73045.26,145.3906,-636271.93,-159067.98,477203.94,22,1
1995-03-05,BFS_SINGAPORE,EQUITY_DERIVATIVES_APAC,NICK_LEESON,NIKKEI_SHORT_VOL,AUTH_MAIN,1,0,32398.46,16748.6917,-14593971.08,-3648492.77,10945478.31,23,1
1995-03-06,BFS_SINGAPORE,EQUITY_DERIVATIVES_APAC,NICK_LEESON,NIKKEI_FUT,88888,0,1,883523.86,16567.4347,-352767996.29,-88191999.07,264575997.22,15,1
1995-03-06,BFS_SINGAPORE,EQUITY_DERIVATIVES_APAC,NICK_LEESON,JGB_FUT,88888,0,1,82630.67,145.2868,-362016.64,-90504.16,271512.48,19,1
1995-03-06,BFS_SINGAPORE,EQUITY_DERIVATIVES_APAC,NICK_LEESON,NIKKEI_SHORT_VOL,88888,0,1,34289.92,16567.4347,-14888533.62,-3722133.4,11166400.21,22,1
1995-03-07,BFS_SINGAPORE,EQUITY_DERIVATIVES_APAC,NICK_LEESON,NIKKEI_FUT,AUTH_MAIN,1,0,981077.55,16331.3884,-511909414.86,-127977353.71,383932061.14,20,1
1995-03-07,BFS_SINGAPORE,EQUITY_DERIVATIVES_APAC,NICK_LEESON,JGB_FUT,AUTH_MAIN,1,0,90437.61,145.2772,619455.58,619455.58,0.0,23,1
1995-03-07,BFS_SINGAPORE,EQUITY_DERIVATIVES_APAC,NICK_LEESON,NIKKEI_SHORT_VOL,88888,0,1,43048.03,16331.3884,-14780891.91,-3695222.98,11085668.93,23,1
1995-03-08,BFS_SINGAPORE,EQUITY_DERIVATIVES_APAC,NICK_LEESON,NIKKEI_FUT,AUTH_MAIN,1,0,1049223.68,16454.9778,293930491.8,293930491.8,0.0,23,1
1995-03-08,BFS_SINGAPORE,EQUITY_DERIVATIVES_APAC,NICK_LEESON,JGB_FUT,88888,0,1,95294.24,145.349,-33523.08,-8380.77,25142.31,21,1
1995-03-08,BFS_SINGAPORE,EQUITY_DERIVATIVES_APAC,NICK_LEESON,NIKKEI_SHORT_VOL,88888,0,1,49448.68,16454.9778,-15579867.1,-3894966.78,11684900.33,23,1
1995-03-09,BFS_SINGAPORE,EQUITY_DERIVATIVES_APAC,NICK_LEESON,NIKKEI_FUT,AUTH_MAIN,1,0,1158900.74,16585.8266,334509647.3,334509647.3,0.0,23,1
1995-03-09,BFS_SINGAPORE,EQUITY_DERIVATIVES_APAC,NICK_LEESON,JGB_FUT,88888,0,1,118687.83,145.4865,-780348.85,-195087.21,585261.63,18,1
1995-03-09,BFS_SINGAPORE,EQUITY_DERIVATIVES_APAC,NICK_LEESON,NIKKEI_SHORT_VOL,AUTH_MAIN,1,0,59998.52,16585.8266,-13906851.83,-3476712.96,10430138.87,23,1
1995-03-10,BFS_SINGAPORE,EQUITY_DERIVATIVES_APAC,NICK_LEESON,NIKKEI_FUT,AUTH_MAIN,1,0,990680.59,16762.7285,391094286.52,391094286.52,0.0,17,1
1995-03-10,BFS_SINGAPORE,EQUITY_DERIVATIVES_APAC,NICK_LEESON,JGB_FUT,AUTH_MAIN,1,0,124068.18,145.6759,-323028.98,-80757.24,242271.73,18,1
1995-03-10,BFS_SINGAPORE,EQUITY_DERIVATIVES_APAC,NICK_LEESON,NIKKEI_SHORT_VOL,AUTH_MAIN,1,0,67798.91,16762.7285,-14206698.4,-3551674.6,10655023.8,21,1
1995-03-11,BFS_SINGAPORE,EQUITY_DERIVATIVES_APAC,NICK_LEESON,NIKKEI_FUT,AUTH_MAIN,1,0,1110714.34,16780.1439,42390736.26,42390736.26,0.0,23,1
1995-03-11,BFS_SINGAPORE,EQUITY_DERIVATIVES_APAC,NICK_LEESON,JGB_FUT,88888,0,1,143502.02,145.7304,-450476.23,-112619.06,337857.17,20,1
1995-03-11,BFS_SINGAPORE,EQUITY_DERIVATIVES_APAC,NICK_LEESON,NIKKEI_SHORT_VOL,88888,0,1,71129.79,16780.1439,-14820943.94,-3705235.99,11115707.96,23,1
1995-03-12,BFS_SINGAPORE,EQUITY_DERIVATIVES_APAC,NICK_LEESON,NIKKEI_FUT,AUTH_MAIN,1,0,1300429.4,16949.3329,498640827.29,498640827.29,0.0,23,1
1995-03-12,BFS_SINGAPORE,EQUITY_DERIVATIVES_APAC,NICK_LEESON,JGB_FUT,AUTH_MAIN,1,0,139445.91,145.857,-856123.74,-214030.94,642092.81,23,1
1995-03-12,BFS_SINGAPORE,EQUITY_DERIVATIVES_APAC,NICK_LEESON,NIKKEI_SHORT_VOL,88888,0,1,78600.98,16949.3329,-15701430.86,-3925357.72,11776073.15,14,1
1995-03-13,BFS_SINGAPORE,EQUITY_DERIVATIVES_APAC,NICK_LEESON,NIKKEI_FUT,88888,0,1,1411484.36,16905.4014,-141490228.06,-35372557.01,106117671.04,18,1
1995-03-13,BFS_SINGAPORE,EQUITY_DERIVATIVES_APAC,NICK_LEESON,JGB_FUT,88888,0,1,156218.7,145.7509,-557442.53,-139360.63,418081.9,23,1
1995-03-13,BFS_SINGAPORE,EQUITY_DERIVATIVES_APAC,NICK_LEESON,NIKKEI_SHORT_VOL,AUTH_MAIN,1,0,86899.1,16905.4014,-16276793.97,-4069198.49,12207595.48,16,1
1995-03-14,BFS_SINGAPORE,EQUITY_DERIVATIVES_APAC,NICK_LEESON,NIKKEI_FUT,AUTH_MAIN,1,0,1764480.52,16824.4703,-325635180.58,-81408795.15,244226385.44,14,1
1995-03-14,BFS_SINGAPORE,EQUITY_DERIVATIVES_APAC,NICK_LEESON,JGB_FUT,88888,0,1,177391.39,145.8319,-463149.16,-115787.29,347361.87,21,1
1995-03-14,BFS_SINGAPORE,EQUITY_DERIVATIVES_APAC,NICK_LEESON,NIKKEI_SHORT_VOL,AUTH_MAIN,1,0,89067.49,16824.4703,-16574936.22,-4143734.06,12431202.17,22,1
1995-03-15,BFS_SINGAPORE,EQUITY_DERIVATIVES_APAC,NICK_LEESON,NIKKEI_FUT,AUTH_MAIN,1,0,1857024.2,16931.7143,464352919.62,464352919.62,0.0,23,1
1995-03-15,BFS_SINGAPORE,EQUITY_DERIVATIVES_APAC,NICK_LEESON,JGB_FUT,AUTH_MAIN,1,0,215032.6,145.786,45222.37,45222.37,0.0,23,1
1995-03-15,BFS_SINGAPORE,EQUITY_DERIVATIVES_APAC,NICK_LEESON,NIKKEI_SHORT_VOL,88888,0,1,102442.02,16931.7143,-15910187.26,-3977546.82,11932640.45,18,1
1995-03-16,BFS_SINGAPORE,EQUITY_DERIVATIVES_APAC,NICK_LEESON,NIKKEI_FUT,AUTH_MAIN,1,0,2152052.8,17061.3866,658189688.23,658189688.23,0.0,13,1
1995-03-16,BFS_SINGAPORE,EQUITY_DERIVATIVES_APAC,NICK_LEESON,JGB_FUT,AUTH_MAIN,1,0,263821.42,145.9081,-914506.28,-228626.57,685879.71,18,1
1995-03-16,BFS_SINGAPORE,EQUITY_DERIVATIVES_APAC,NICK_LEESON,NIKKEI_SHORT_VOL,88888,0,1,116719.75,17061.3866,-16014624.17,-4003656.04,12010968.13,14,1
1995-03-17,BFS_SINGAPORE,EQUITY_DERIVATIVES_APAC,NICK_LEESON,NIKKEI_FUT,88888,0,1,1942465.04,16946.3217,-526171205.35,-131542801.34,394628404.01,20,1
1995-03-17,BFS_SINGAPORE,EQUITY_DERIVATIVES_APAC,NICK_LEESON,JGB_FUT,88888,0,1,310440.39,145.7918,-207212.89,-51803.22,155409.67,22,1
1995-03-17,BFS_SINGAPORE,EQUITY_DERIVATIVES_APAC,NICK_LEESON,NIKKEI_SHORT_VOL,88888,0,1,111375.48,16946.3217,-16897470.42,-4224367.61,12673102.82,17,1
1995-03-18,BFS_SINGAPORE,EQUITY_DERIVATIVES_APAC,NICK_LEESON,NIKKEI_FUT,AUTH_MAIN,1,0,2253619.06,16926.1572,-109356291.22,-27339072.8,82017218.41,21,1
1995-03-18,BFS_SINGAPORE,EQUITY_DERIVATIVES_APAC,NICK_LEESON,JGB_FUT,AUTH_MAIN,1,0,358628.35,145.8647,225076.34,225076.34,0.0,22,1
1995-03-18,BFS_SINGAPORE,EQUITY_DERIVATIVES_APAC,NICK_LEESON,NIKKEI_SHORT_VOL,88888,0,1,129332.86,16926.1572,-17789136.34,-4447284.08,13341852.25,22,1
1995-03-19,BFS_SINGAPORE,EQUITY_DERIVATIVES_APAC,NICK_LEESON,NIKKEI_FUT,AUTH_MAIN,1,0,2832326.6,17018.2058,619862762.74,619862762.74,0.0,23,1
1995-03-19,BFS_SINGAPORE,EQUITY_DERIVATIVES_APAC,NICK_LEESON,JGB_FUT,88888,0,1,370800.32,145.8918,-502553.81,-125638.45,376915.36,23,1
1995-03-19,BFS_SINGAPORE,EQUITY_DERIVATIVES_APAC,NICK_LEESON,NIKKEI_SHORT_VOL,AUTH_MAIN,1,0,147389.31,17018.2058,-16547431.85,-4136857.96,12410573.89,23,1
1995-03-20,BFS_SINGAPORE,EQUITY_DERIVATIVES_APAC,NICK_LEESON,NIKKEI_FUT,AUTH_MAIN,1,0,3207666.3,16933.7273,-633629378.55,-158407344.64,475222033.91,23,1
1995-03-20,BFS_SINGAPORE,EQUITY_DERIVATIVES_APAC,NICK_LEESON,JGB_FUT,88888,0,1,448929.76,145.9086,-295400.86,-73850.22,221550.65,19,1
1995-03-20,BFS_SINGAPORE,EQUITY_DERIVATIVES_APAC,NICK_LEESON,NIKKEI_SHORT_VOL,88888,0,1,155028.01,16933.7273,-17902022.33,-4475505.58,13426516.75,23,1
1995-03-21,BFS_SINGAPORE,EQUITY_DERIVATIVES_APAC,NICK_LEESON,NIKKEI_FUT,AUTH_MAIN,1,0,3409443.44,17006.3434,578540472.91,578540472.91,0.0,21,1
1995-03-21,BFS_SINGAPORE,EQUITY_DERIVATIVES_APAC,NICK_LEESON,JGB_FUT,88888,0,1,442475.89,145.8865,-271650.73,-67912.68,203738.05,12,1
1995-03-21,BFS_SINGAPORE,EQUITY_DERIVATIVES_APAC,NICK_LEESON,NIKKEI_SHORT_VOL,AUTH_MAIN,1,0,143438.5,17006.3434,-16577687.09,-4144421.77,12433265.32,19,1
1995-03-22,BFS_SINGAPORE,EQUITY_DERIVATIVES_APAC,NICK_LEESON,NIKKEI_FUT,AUTH_MAIN,1,0,4038192.12,16860.028,-1383777427.96,-345944356.99,1037833070.97,22,1
1995-03-22,BFS_SINGAPORE,EQUITY_DERIVATIVES_APAC,NICK_LEESON,JGB_FUT,88888,0,1,492050.29,146.0373,-181275.39,-45318.85,135956.54,15,1
1995-03-22,BFS_SINGAPORE,EQUITY_DERIVATIVES_APAC,NICK_LEESON,NIKKEI_SHORT_VOL,88888,0,1,172006.27,16860.028,-16361458.69,-4090364.67,12271094.02,22,1
1995-03-23,BFS_SINGAPORE,EQUITY_DERIVATIVES_APAC,NICK_LEESON,NIKKEI_FUT,AUTH_MAIN,1,0,3993237.27,17051.4681,1793469815.14,1793469815.14,0.0,23,1
1995-03-23,BFS_SINGAPORE,EQUITY_DERIVATIVES_APAC,NICK_LEESON,JGB_FUT,88888,0,1,527977.66,146.0195,-417855.33,-104463.83,313391.5,23,1
1995-03-23,BFS_SINGAPORE,EQUITY_DERIVATIVES_APAC,NICK_LEESON,NIKKEI_SHORT_VOL,88888,0,1,207938.14,17051.4681,-16678974.95,-4169743.74,12509231.22,14,1
1995-03-24,BFS_SINGAPORE,EQUITY_DERIVATIVES_APAC,NICK_LEESON,NIKKEI_FUT,AUTH_MAIN,1,0,4778606.72,17010.9906,-447845022.74,-111961255.68,335883767.05,23,1
1995-03-24,BFS_SINGAPORE,EQUITY_DERIVATIVES_APAC,NICK_LEESON,JGB_FUT,88888,0,1,540644.61,146.117,-287534.64,-71883.66,215650.98,21,1
1995-03-24,BFS_SINGAPORE,EQUITY_DERIVATIVES_APAC,NICK_LEESON,NIKKEI_SHORT_VOL,AUTH_MAIN,1,0,227513.27,17010.9906,-15840889.53,-3960222.38,11880667.15,21,1
1995-03-25,BFS_SINGAPORE,EQUITY_DERIVATIVES_APAC,NICK_LEESON,NIKKEI_FUT,AUTH_MAIN,1,0,5514991.22,17045.1341,434972477.47,434972477.47,0.0,14,1
1995-03-25,BFS_SINGAPORE,EQUITY_DERIVATIVES_APAC,NICK_LEESON,JGB_FUT,88888,0,1,572038.38,146.2691,-301205.08,-75301.27,225903.81,17,1
1995-03-25,BFS_SINGAPORE,EQUITY_DERIVATIVES_APAC,NICK_LEESON,NIKKEI_SHORT_VOL,88888,0,1,253280.79,17045.1341,-16111842.66,-4027960.66,12083881.99,18,1
1995-03-26,BFS_SINGAPORE,EQUITY_DERIVATIVES_APAC,NICK_LEESON,NIKKEI_FUT,AUTH_MAIN,1,0,5275468.21,17242.4406,2449659061.06,2449659061.06,0.0,22,1
1995-03-26,BFS_SINGAPORE,EQUITY_DERIVATIVES_APAC,NICK_LEESON,JGB_FUT,AUTH_MAIN,1,0,672177.06,146.3416,-464809.44,-116202.36,348607.08,23,1
1995-03-26,BFS_SINGAPORE,EQUITY_DERIVATIVES_APAC,NICK_LEESON,NIKKEI_SHORT_VOL,88888,0,1,262357.5,17242.4406,-16088823.68,-4022205.92,12066617.76,23,1
1995-03-27,BFS_SINGAPORE,EQUITY_DERIVATIVES_APAC,NICK_LEESON,NIKKEI_FUT,AUTH_MAIN,1,0,6592084.52,17021.2053,-3291896753.76,-822974188.44,2468922565.32,21,1
1995-03-27,BFS_SINGAPORE,EQUITY_DERIVATIVES_APAC,NICK_LEESON,JGB_FUT,88888,0,1,716604.02,146.3887,-45597.82,-11399.46,34198.37,23,1
1995-03-27,BFS_SINGAPORE,EQUITY_DERIVATIVES_APAC,NICK_LEESON,NIKKEI_SHORT_VOL,88888,0,1,295555.93,17021.2053,-16597278.34,-4149319.58,12447958.75,20,1
1995-03-28,BFS_SINGAPORE,EQUITY_DERIVATIVES_APAC,NICK_LEESON,NIKKEI_FUT,88888,0,1,5924852.63,16863.5805,-2072062696.13,-518015674.03,1554047022.09,23,1
1995-03-28,BFS_SINGAPORE,EQUITY_DERIVATIVES_APAC,NICK_LEESON,JGB_FUT,88888,0,1,785499.56,146.3357,-549689.5,-137422.38,412267.13,22,1
1995-03-28,BFS_SINGAPORE,EQUITY_DERIVATIVES_APAC,NICK_LEESON,NIKKEI_SHORT_VOL,88888,0,1,330571.93,16863.5805,-15295089.67,-3823772.42,11471317.25,19,1
1995-03-29,BFS_SINGAPORE,EQUITY_DERIVATIVES_APAC,NICK_LEESON,NIKKEI_FUT,88888,0,1,6796916.49,16731.3902,-1985603836.83,-496400959.21,1489202877.62,20,1
1995-03-29,BFS_SINGAPORE,EQUITY_DERIVATIVES_APAC,NICK_LEESON,JGB_FUT,AUTH_MAIN,1,0,749666.88,146.3058,181331.14,181331.14,0.0,23,1
1995-03-29,BFS_SINGAPORE,EQUITY_DERIVATIVES_APAC,NICK_LEESON,NIKKEI_SHORT_VOL,AUTH_MAIN,1,0,369402.35,16731.3902,-15316233.57,-3829058.39,11487175.18,23,1
1995-03-30,BFS_SINGAPORE,EQUITY_DERIVATIVES_APAC,NICK_LEESON,NIKKEI_FUT,AUTH_MAIN,1,0,8083046.52,16795.4741,1141619431.79,1141619431.79,0.0,23,1
1995-03-30,BFS_SINGAPORE,EQUITY_DERIVATIVES_APAC,NICK_LEESON,JGB_FUT,88888,0,1,833109.89,146.2535,-450669.28,-112667.32,338001.96,23,1
1995-03-30,BFS_SINGAPORE,EQUITY_DERIVATIVES_APAC,NICK_LEESON,NIKKEI_SHORT_VOL,88888,0,1,388779.48,16795.4741,-13606968.85,-3401742.21,10205226.64,23,1
1995-03-31,BFS_SINGAPORE,EQUITY_DERIVATIVES_APAC,NICK_LEESON,NIKKEI_FUT,88888,0,1,9467507.11,16734.7583,-1299160793.05,-324790198.26,974370594.79,23,1
1995-03-31,BFS_SINGAPORE,EQUITY_DERIVATIVES_APAC,NICK_LEESON,JGB_FUT,88888,0,1,965727.2,146.2582,-316892.79,-79223.2,237669.59,19,1
1995-03-31,BFS_SINGAPORE,EQUITY_DERIVATIVES_APAC,NICK_LEESON,NIKKEI_SHORT_VOL,88888,0,1,395465.17,16734.7583,-14814648.32,-3703662.08,11110986.24,23,1
1995-04-01,BFS_SINGAPORE,EQUITY_DERIVATIVES_APAC,NICK_LEESON,NIKKEI_FUT,AUTH_MAIN,1,0,11649731.96,16868.9477,3560891804.63,3560891804.63,0.0,23,1
1995-04-01,BFS_SINGAPORE,EQUITY_DERIVATIVES_APAC,NICK_LEESON,JGB_FUT,AUTH_MAIN,1,0,939513.29,146.3194,-572561.14,-143140.28,429420.85,21,1
1995-04-01,BFS_SINGAPORE,EQUITY_DERIVATIVES_APAC,NICK_LEESON,NIKKEI_SHORT_VOL,88888,0,1,432927.97,16868.9477,-15474302.47,-3868575.62,11605726.86,20,1
1995-04-02,BFS_SINGAPORE,EQUITY_DERIVATIVES_APAC,NICK_LEESON,NIKKEI_FUT,AUTH_MAIN,1,0,13169120.57,16813.4399,-1655996407.18,-413999101.79,1241997305.38,18,1
1995-04-02,BFS_SINGAPORE,EQUITY_DERIVATIVES_APAC,NICK_LEESON,JGB_FUT,88888,0,1,1123647.69,146.317,-805648.51,-201412.13,604236.38,20,1
1995-04-02,BFS_SINGAPORE,EQUITY_DERIVATIVES_APAC,NICK_LEESON,NIKKEI_SHORT_VOL,AUTH_MAIN,1,0,435086.2,16813.4399,-15841136.84,-3960284.21,11880852.63,19,1
1995-04-03,BFS_SINGAPORE,EQUITY_DERIVATIVES_APAC,NICK_LEESON,NIKKEI_FUT,88888,0,1,15683751.54,16594.3438,-7619524516.58,-1904881129.15,5714643387.44,22,1
1995-04-03,BFS_SINGAPORE,EQUITY_DERIVATIVES_APAC,NICK_LEESON,JGB_FUT,88888,0,1,1216937.2,146.5417,-74754.4,-18688.6,56065.8,20,1
1995-04-03,BFS_SINGAPORE,EQUITY_DERIVATIVES_APAC,NICK_LEESON,NIKKEI_SHORT_VOL,AUTH_MAIN,1,0,480595.02,16594.3438,-15057891.93,-3764472.98,11293418.94,20,1
1995-04-04,BFS_SINGAPORE,EQUITY_DERIVATIVES_APAC,NICK_LEESON,NIKKEI_FUT,AUTH_MAIN,1,0,17647271.23,16643.8506,1977966759.53,1977966759.53,0.0,23,1
1995-04-04,BFS_SINGAPORE,EQUITY_DERIVATIVES_APAC,NICK_LEESON,JGB_FUT,88888,0,1,1408171.61,146.7747,-579764.95,-144941.24,434823.71,21,1
1995-04-04,BFS_SINGAPORE,EQUITY_DERIVATIVES_APAC,NICK_LEESON,NIKKEI_SHORT_VOL,88888,0,1,582513.97,16643.8506,-15121714.46,-3780428.61,11341285.84,23,1
1995-04-05,BFS_SINGAPORE,EQUITY_DERIVATIVES_APAC,NICK_LEESON,NIKKEI_FUT,88888,0,1,19632560.81,16607.5986,-1617401731.8,-404350432.95,1213051298.85,16,1
1995-04-05,BFS_SINGAPORE,EQUITY_DERIVATIVES_APAC,NICK_LEESON,JGB_FUT,88888,0,1,1516929.38,146.9003,-737688.99,-184422.25,553266.74,23,1
1995-04-05,BFS_SINGAPORE,EQUITY_DERIVATIVES_APAC,NICK_LEESON,NIKKEI_SHORT_VOL,88888,0,1,677066.82,16607.5986,-15670158.06,-3917539.51,11752618.54,23,1
1995-04-06,BFS_SINGAPORE,EQUITY_DERIVATIVES_APAC,NICK_LEESON,NIKKEI_FUT,88888,0,1,22796507.2,16453.4514,-8019397520.61,-2004849380.15,6014548140.46,20,1
1995-04-06,BFS_SINGAPORE,EQUITY_DERIVATIVES_APAC,NICK_LEESON,JGB_FUT,88888,0,1,1797087.38,147.0375,-466708.13,-116677.03,350031.1,20,1
1995-04-06,BFS_SINGAPORE,EQUITY_DERIVATIVES_APAC,NICK_LEESON,NIKKEI_SHORT_VOL,88888,0,1,727165.64,16453.4514,-15700442.84,-3925110.71,11775332.13,21,1
1995-04-07,BFS_SINGAPORE,EQUITY_DERIVATIVES_APAC,NICK_LEESON,NIKKEI_FUT,AUTH_MAIN,1,0,22091497.32,16374.2469,-3985319007.19,-996329751.8,2988989255.4,23,1
1995-04-07,BFS_SINGAPORE,EQUITY_DERIVATIVES_APAC,NICK_LEESON,JGB_FUT,AUTH_MAIN,1,0,1890297.24,147.0119,-591794.88,-147948.72,443846.16,22,1
1995-04-07,BFS_SINGAPORE,EQUITY_DERIVATIVES_APAC,NICK_LEESON,NIKKEI_SHORT_VOL,88888,0,1,899465.71,16374.2469,-15193349.0,-3798337.25,11395011.75,21,1
1995-04-08,BFS_SINGAPORE,EQUITY_DERIVATIVES_APAC,NICK_LEESON,NIKKEI_FUT,AUTH_MAIN,1,0,25708750.06,16303.5738,-4134699180.37,-1033674795.09,3101024385.28,19,1
1995-04-08,BFS_SINGAPORE,EQUITY_DERIVATIVES_APAC,NICK_LEESON,JGB_FUT,88888,0,1,1816294.89,146.9452,-227289.41,-56822.35,170467.06,18,1
1995-04-08,BFS_SINGAPORE,EQUITY_DERIVATIVES_APAC,NICK_LEESON,NIKKEI_SHORT_VOL,88888,0,1,1069687.74,16303.5738,-15207454.63,-3801863.66,11405590.97,23,1
1995-04-09,BFS_SINGAPORE,EQUITY_DERIVATIVES_APAC,NICK_LEESON,NIKKEI_FUT,88888,0,1,26426273.55,16097.4504,-12358273005.31,-3089568251.33,9268704753.98,23,1
1995-04-09,BFS_SINGAPORE,EQUITY_DERIVATIVES_APAC,NICK_LEESON,JGB_FUT,88888,0,1,1914695.92,147.1094,-194067.16,-48516.79,145550.37,15,1
1995-04-09,BFS_SINGAPORE,EQUITY_DERIVATIVES_APAC,NICK_LEESON,NIKKEI_SHORT_VOL,88888,0,1,1179036.2,16097.4504,-16069406.98,-4017351.75,12052055.24,22,1
1995-04-10,BFS_SINGAPORE,EQUITY_DERIVATIVES_APAC,NICK_LEESON,NIKKEI_FUT,AUTH_MAIN,1,0,26317809.14,16083.3361,-870405376.53,-217601344.13,652804032.4,22,1
1995-04-10,BFS_SINGAPORE,EQUITY_DERIVATIVES_APAC,NICK_LEESON,JGB_FUT,88888,0,1,2210561.25,147.0581,-462077.86,-115519.47,346558.4,23,1
1995-04-10,BFS_SINGAPORE,EQUITY_DERIVATIVES_APAC,NICK_LEESON,NIKKEI_SHORT_VOL,AUTH_MAIN,1,0,1370295.32,16083.3361,-16572036.28,-4143009.07,12429027.21,23,1
1995-04-11,BFS_SINGAPORE,EQUITY_DERIVATIVES_APAC,NICK_LEESON,NIKKEI_FUT,88888,0,1,29961525.9,16070.238,-930148714.75,-232537178.69,697611536.06,18,1
1995-04-11,BFS_SINGAPORE,EQUITY_DERIVATIVES_APAC,NICK_LEESON,JGB_FUT,88888,0,1,2724991.4,147.2436,-195165.71,-48791.43,146374.29,22,1
1995-04-11,BFS_SINGAPORE,EQUITY_DERIVATIVES_APAC,NICK_LEESON,NIKKEI_SHORT_VOL,88888,0,1,1634780.91,16070.238,-17333711.81,-4333427.95,13000283.86,20,1
1995-04-12,BFS_SINGAPORE,EQUITY_DERIVATIVES_APAC,NICK_LEESON,NIKKEI_FUT,88888,0,1,33093405.78,15940.692,-9905783188.43,-2476445797.11,7429337391.32,23,1
1995-04-12,BFS_SINGAPORE,EQUITY_DERIVATIVES_APAC,NICK_LEESON,JGB_FUT,AUTH_MAIN,1,0,2841605.88,147.3169,-192471.12,-48117.78,144353.34,22,1
1995-04-12,BFS_SINGAPORE,EQUITY_DERIVATIVES_APAC,NICK_LEESON,NIKKEI_SHORT_VOL,88888,0,1,1924825.34,15940.692,-16124468.0,-4031117.0,12093351.0,19,1
1995-04-13,BFS_SINGAPORE,EQUITY_DERIVATIVES_APAC,NICK_LEESON,NIKKEI_FUT,88888,0,1,34722654.77,15753.0161,-15030932371.77,-3757733092.94,11273199278.83,22,1
1995-04-13,BFS_SINGAPORE,EQUITY_DERIVATIVES_APAC,NICK_LEESON,JGB_FUT,AUTH_MAIN,1,0,3531790.38,147.342,-539072.08,-134768.02,404304.06,23,1
1995-04-13,BFS_SINGAPORE,EQUITY_DERIVATIVES_APAC,NICK_LEESON,NIKKEI_SHORT_VOL,88888,0,1,2180089.46,15753.0161,-16503348.12,-4125837.03,12377511.09,21,1
1995-04-14,BFS_SINGAPORE,EQUITY_DERIVATIVES_APAC,NICK_LEESON,NIKKEI_FUT,88888,0,1,35333071.17,15627.5237,-10423510112.8,-2605877528.2,7817632584.6,15,1
1995-04-14,BFS_SINGAPORE,EQUITY_DERIVATIVES_APAC,NICK_LEESON,JGB_FUT,88888,0,1,3927604.18,147.3655,-659279.02,-164819.76,494459.27,21,1
1995-04-14,BFS_SINGAPORE,EQUITY_DERIVATIVES_APAC,NICK_LEESON,NIKKEI_SHORT_VOL,AUTH_MAIN,1,0,2515942.79,15627.5237,-17741680.19,-4435420.05,13306260.14,23,1
1995-04-15,BFS_SINGAPORE,EQUITY_DERIVATIVES_APAC,NICK_LEESON,NIKKEI_FUT,88888,0,1,41707607.64,15525.6301,-10252093739.25,-2563023434.81,7689070304.44,23,1
1995-04-15,BFS_SINGAPORE,EQUITY_DERIVATIVES_APAC,NICK_LEESON,JGB_FUT,AUTH_MAIN,1,0,4532438.32,147.4716,-764487.66,-191121.91,573365.74,22,1
1995-04-15,BFS_SINGAPORE,EQUITY_DERIVATIVES_APAC,NICK_LEESON,NIKKEI_SHORT_VOL,88888,0,1,2929323.34,15525.6301,-18313458.32,-4578364.58,13735093.74,23,1
1995-04-16,BFS_SINGAPORE,EQUITY_DERIVATIVES_APAC,NICK_LEESON,NIKKEI_FUT,88888,0,1,42159295.37,15465.8999,-5969373591.62,-1492343397.9,4477030193.71,21,1
1995-04-16,BFS_SINGAPORE,EQUITY_DERIVATIVES_APAC,NICK_LEESON,JGB_FUT,88888,0,1,5213992.34,147.5907,-203709.58,-50927.4,152782.19,23,1
1995-04-16,BFS_SINGAPORE,EQUITY_DERIVATIVES_APAC,NICK_LEESON,NIKKEI_SHORT_VOL,AUTH_MAIN,1,0,3413051.28,15465.8999,-17161283.16,-4290320.79,12870962.37,22,1
1995-04-17,BFS_SINGAPORE,EQUITY_DERIVATIVES_APAC,NICK_LEESON,NIKKEI_FUT,88888,0,1,45478929.41,15221.2402,-26117612324.36,-6529403081.09,19588209243.27,21,1
1995-04-17,BFS_SINGAPORE,EQUITY_DERIVATIVES_APAC,NICK_LEESON,JGB_FUT,AUTH_MAIN,1,0,6183901.33,147.4366,-1467534.38,-366883.6,1100650.79,21,1
1995-04-17,BFS_SINGAPORE,EQUITY_DERIVATIVES_APAC,NICK_LEESON,NIKKEI_SHORT_VOL,AUTH_MAIN,1,0,3924586.61,15221.2402,-17371271.87,-4342817.97,13028453.9,21,1
1995-04-18,BFS_SINGAPORE,EQUITY_DERIVATIVES_APAC,NICK_LEESON,NIKKEI_FUT,88888,0,1,58204197.21,15172.546,-7030337725.4,-1757584431.35,5272753294.05,19,1
1995-04-18,BFS_SINGAPORE,EQUITY_DERIVATIVES_APAC,NICK_LEESON,JGB_FUT,AUTH_MAIN,1,0,7011085.97,147.3077,180594.67,180594.67,0.0,15,1
1995-04-18,BFS_SINGAPORE,EQUITY_DERIVATIVES_APAC,NICK_LEESON,NIKKEI_SHORT_VOL,88888,0,1,4436669.51,15172.546,-19255518.08,-4813879.52,14441638.56,23,1
1995-04-19,BFS_SINGAPORE,EQUITY_DERIVATIVES_APAC,NICK_LEESON,NIKKEI_FUT,88888,0,1,63659498.62,14866.1392,-48742262361.6,-12185565590.4,36556696771.2,20,1
1995-04-19,BFS_SINGAPORE,EQUITY_DERIVATIVES_APAC,NICK_LEESON,JGB_FUT,88888,0,1,7556580.13,147.3779,-31551.76,-7887.94,23663.82,23,1
1995-04-19,BFS_SINGAPORE,EQUITY_DERIVATIVES_APAC,NICK_LEESON,NIKKEI_SHORT_VOL,88888,0,1,5383457.78,14866.1392,-20024166.89,-5006041.72,15018125.17,23,1
1995-04-20,BFS_SINGAPORE,EQUITY_DERIVATIVES_APAC,NICK_LEESON,NIKKEI_FUT,88888,0,1,75252850.39,14709.9014,-29670597095.93,-7417649273.98,22252947821.95,21,1
1995-04-20,BFS_SINGAPORE,EQUITY_DERIVATIVES_APAC,NICK_LEESON,JGB_FUT,88888,0,1,9008902.32,147.5899,-56127.95,-14031.99,42095.96,21,1
1995-04-20,BFS_SINGAPORE,EQUITY_DERIVATIVES_APAC,NICK_LEESON,NIKKEI_SHORT_VOL,AUTH_MAIN,1,0,6585942.39,14709.9014,-20862522.79,-5215630.7,15646892.09,23,1
1995-04-21,BFS_SINGAPORE,EQUITY_DERIVATIVES_APAC,NICK_LEESON,NIKKEI_FUT,AUTH_MAIN,1,0,81811717.56,14559.5,-30587570936.08,-7646892734.02,22940678202.06,23,1
1995-04-21,BFS_SINGAPORE,EQUITY_DERIVATIVES_APAC,NICK_LEESON,JGB_FUT,88888,0,1,12582200.88,147.5369,-1479521.88,-369880.47,1109641.41,21,1
1995-04-21,BFS_SINGAPORE,EQUITY_DERIVATIVES_APAC,NICK_LEESON,NIKKEI_SHORT_VOL,88888,0,1,7967096.26,14559.5,-19779649.27,-4944912.32,14834736.95,23,1
1995-04-22,BFS_SINGAPORE,EQUITY_DERIVATIVES_APAC,NICK_LEESON,NIKKEI_FUT,88888,0,1,97787461.64,14500.0,-44101891661.95,-11025472915.49,33076418746.46,23,1
1995-04-22,BFS_SINGAPORE,EQUITY_DERIVATIVES_APAC,NICK_LEESON,JGB_FUT,88888,0,1,14408259.36,147.6591,-1310171.21,-327542.8,982628.41,17,1
1995-04-22,BFS_SINGAPORE,EQUITY_DERIVATIVES_APAC,NICK_LEESON,NIKKEI_SHORT_VOL,88888,0,1,9783367.4,14500.0,-19432267.79,-4858066.95,14574200.84,23,1
1995-04-23,BFS_SINGAPORE,EQUITY_DERIVATIVES_APAC,NICK_LEESON,NIKKEI_FUT,AUTH_MAIN,1,0,123236752.98,14632.4309,40161005260.26,40161005260.26,0.0,18,1
1995-04-23,BFS_SINGAPORE,EQUITY_DERIVATIVES_APAC,NICK_LEESON,JGB_FUT,88888,0,1,15290362.77,147.8255,-468953.19,-117238.3,351714.89,18,1
1995-04-23,BFS_SINGAPORE,EQUITY_DERIVATIVES_APAC,NICK_LEESON,NIKKEI_SHORT_VOL,88888,0,1,10277305.15,14632.4309,-18044219.61,-4511054.9,13533164.71,15,1
1995-04-24,BFS_SINGAPORE,EQUITY_DERIVATIVES_APAC,NICK_LEESON,NIKKEI_FUT,AUTH_MAIN,1,0,128589340.67,14691.9237,18467108938.49,18467108938.49,0.0,23,1
1995-04-24,BFS_SINGAPORE,EQUITY_DERIVATIVES_APAC,NICK_LEESON,JGB_FUT,88888,0,1,14726775.26,147.9142,-690874.51,-172718.63,518155.88,22,1
1995-04-24,BFS_SINGAPORE,EQUITY_DERIVATIVES_APAC,NICK_LEESON,NIKKEI_SHORT_VOL,88888,0,1,11399552.06,14691.9237,-18292302.0,-4573075.5,13719226.5,18,1
1995-04-25,BFS_SINGAPORE,EQUITY_DERIVATIVES_APAC,NICK_LEESON,NIKKEI_FUT,AUTH_MAIN,1,0,145171538.72,14932.1315,88137011253.38,88137011253.38,0.0,21,1
1995-04-25,BFS_SINGAPORE,EQUITY_DERIVATIVES_APAC,NICK_LEESON,JGB_FUT,88888,0,1,16933184.83,148.0497,-481469.39,-120367.35,361102.05,21,1
1995-04-25,BFS_SINGAPORE,EQUITY_DERIVATIVES_APAC,NICK_LEESON,NIKKEI_SHORT_VOL,88888,0,1,12456728.33,14932.1315,-20070500.22,-5017625.05,15052875.16,20,1
1995-04-26,BFS_SINGAPORE,EQUITY_DERIVATIVES_APAC,NICK_LEESON,NIKKEI_FUT,88888,0,1,176081258.43,14864.646,-29274439936.44,-7318609984.11,21955829952.33,21,1
1995-04-26,BFS_SINGAPORE,EQUITY_DERIVATIVES_APAC,NICK_LEESON,JGB_FUT,88888,0,1,19324395.51,147.9151,-1063758.19,-265939.55,797818.64,21,1
1995-04-26,BFS_SINGAPORE,EQUITY_DERIVATIVES_APAC,NICK_LEESON,NIKKEI_SHORT_VOL,88888,0,1,15916268.45,14864.646,-18950109.75,-4737527.44,14212582.31,21,1
1995-04-27,BFS_SINGAPORE,EQUITY_DERIVATIVES_APAC,NICK_LEESON,NIKKEI_FUT,88888,0,1,223626124.58,14541.0396,-176137802744.19,-44034450686.05,132103352058.14,22,1
1995-04-27,BFS_SINGAPORE,EQUITY_DERIVATIVES_APAC,NICK_LEESON,JGB_FUT,88888,0,1,20233429.25,147.9088,-1135636.44,-283909.11,851727.33,23,1
1995-04-27,BFS_SINGAPORE,EQUITY_DERIVATIVES_APAC,NICK_LEESON,NIKKEI_SHORT_VOL,88888,0,1,18804098.95,14541.0396,-19624637.18,-4906159.3,14718477.89,23,1
1995-04-28,BFS_SINGAPORE,EQUITY_DERIVATIVES_APAC,NICK_LEESON,NIKKEI_FUT,88888,0,1,257174204.26,14500.0,-82572559941.23,-20643139985.31,61929419955.92,13,1
1995-04-28,BFS_SINGAPORE,EQUITY_DERIVATIVES_APAC,NICK_LEESON,JGB_FUT,AUTH_MAIN,1,0,25208123.84,148.0211,-666054.63,-166513.66,499540.97,19,1
1995-04-28,BFS_SINGAPORE,EQUITY_DERIVATIVES_APAC,NICK_LEESON,NIKKEI_SHORT_VOL,88888,0,1,25253261.29,14500.0,-19188568.76,-4797142.19,14391426.57,19,1
1995-04-29,BFS_SINGAPORE,EQUITY_DERIVATIVES_APAC,NICK_LEESON,NIKKEI_FUT,AUTH_MAIN,1,0,317415437.31,14500.0,-50130826438.63,-12532706609.66,37598119828.97,23,1
1995-04-29,BFS_SINGAPORE,EQUITY_DERIVATIVES_APAC,NICK_LEESON,JGB_FUT,88888,0,1,31175442.09,148.1,-1739370.86,-434842.71,1304528.14,19,1
1995-04-29,BFS_SINGAPORE,EQUITY_DERIVATIVES_APAC,NICK_LEESON,NIKKEI_SHORT_VOL,88888,0,1,26944759.2,14500.0,-20354153.11,-5088538.28,15265614.83,22,1
1995-04-30,BFS_SINGAPORE,EQUITY_DERIVATIVES_APAC,NICK_LEESON,NIKKEI_FUT,88888,0,1,337993143.58,14500.0,-81922548819.62,-20480637204.9,61441911614.71,20,1
1995-04-30,BFS_SINGAPORE,EQUITY_DERIVATIVES_APAC,NICK_LEESON,JGB_FUT,88888,0,1,37924224.08,148.2789,-692601.96,-173150.49,519451.47,21,1
1995-04-30,BFS_SINGAPORE,EQUITY_DERIVATIVES_APAC,NICK_LEESON,NIKKEI_SHORT_VOL,88888,0,1,27821540.4,14500.0,-17884210.41,-4471052.6,13413157.81,22,1
1995-05-01,BFS_SINGAPORE,EQUITY_DERIVATIVES_APAC,NICK_LEESON,NIKKEI_FUT,AUTH_MAIN,1,0,368165860.27,14508.4853,7660687317.88,7660687317.88,0.0,22,1
1995-05-01,BFS_SINGAPORE,EQUITY_DERIVATIVES_APAC,NICK_LEESON,JGB_FUT,88888,0,1,43118208.4,148.197,-1519800.6,-379950.15,1139850.45,20,1
1995-05-01,BFS_SINGAPORE,EQUITY_DERIVATIVES_APAC,NICK_LEESON,NIKKEI_SHORT_VOL,88888,0,1,29226664.37,14508.4853,-18472763.19,-4618190.8,13854572.4,23,1
1995-05-02,BFS_SINGAPORE,EQUITY_DERIVATIVES_APAC,NICK_LEESON,NIKKEI_FUT,AUTH_MAIN,1,0,438983076.78,14500.0,-79786442639.7,-19946610659.93,59839831979.78,18,1
1995-05-02,BFS_SINGAPORE,EQUITY_DERIVATIVES_APAC,NICK_LEESON,JGB_FUT,88888,0,1,46843117.51,148.0691,-1377985.72,-344496.43,1033489.29,17,1
1995-05-02,BFS_SINGAPORE,EQUITY_DERIVATIVES_APAC,NICK_LEESON,NIKKEI_SHORT_VOL,AUTH_MAIN,1,0,31822975.44,14500.0,-19904217.31,-4976054.33,14928162.98,20,1
1995-05-03,BFS_SINGAPORE,EQUITY_DERIVATIVES_APAC,NICK_LEESON,NIKKEI_FUT,88888,0,1,470231292.22,14500.0,-155555357111.52,-38888839277.88,116666517833.64,23,1
1995-05-03,BFS_SINGAPORE,EQUITY_DERIVATIVES_APAC,NICK_LEESON,JGB_FUT,88888,0,1,47599323.73,148.1107,-991316.78,-247829.19,743487.58,17,1
1995-05-03,BFS_SINGAPORE,EQUITY_DERIVATIVES_APAC,NICK_LEESON,NIKKEI_SHORT_VOL,88888,0,1,36140536.61,14500.0,-20440424.0,-5110106.0,15330318.0,23,1
1995-05-04,BFS_SINGAPORE,EQUITY_DERIVATIVES_APAC,NICK_LEESON,NIKKEI_FUT,AUTH_MAIN,1,0,591334603.28,14637.0728,208679123457.27,208679123457.27,0.0,21,1
1995-05-04,BFS_SINGAPORE,EQUITY_DERIVATIVES_APAC,NICK_LEESON,JGB_FUT,AUTH_MAIN,1,0,52286149.49,148.1536,110483.29,110483.29,0.0,19,1
1995-05-04,BFS_SINGAPORE,EQUITY_DERIVATIVES_APAC,NICK_LEESON,NIKKEI_SHORT_VOL,88888,0,1,44012913.01,14637.0728,-20637290.36,-5159322.59,15477967.77,20,1
1995-05-05,BFS_SINGAPORE,EQUITY_DERIVATIVES_APAC,NICK_LEESON,NIKKEI_FUT,AUTH_MAIN,1,0,588888538.28,14606.9731,-44890278065.19,-11222569516.3,33667708548.9,18,1
1995-05-05,BFS_SINGAPORE,EQUITY_DERIVATIVES_APAC,NICK_LEESON,JGB_FUT,88888,0,1,56555882.62,148.4855,-981220.4,-245305.1,735915.3,21,1
1995-05-05,BFS_SINGAPORE,EQUITY_DERIVATIVES_APAC,NICK_LEESON,NIKKEI_SHORT_VOL,88888,0,1,48695542.67,14606.9731,-20971979.31,-5242994.83,15728984.49,21,1
1995-05-06,BFS_SINGAPORE,EQUITY_DERIVATIVES_APAC,NICK_LEESON,NIKKEI_FUT,88888,0,1,635633444.86,14500.0,-419016221617.7,-104754055404.42,314262166213.27,23,1
1995-05-06,BFS_SINGAPORE,EQUITY_DERIVATIVES_APAC,NICK_LEESON,JGB_FUT,88888,0,1,69191081.7,148.569,-1148370.72,-287092.68,861278.04,23,1
1995-05-06,BFS_SINGAPORE,EQUITY_DERIVATIVES_APAC,NICK_LEESON,NIKKEI_SHORT_VOL,88888,0,1,51203664.61,14500.0,-20539572.07,-5134893.02,15404679.06,19,1
1995-05-07,BFS_SINGAPORE,EQUITY_DERIVATIVES_APAC,NICK_LEESON,NIKKEI_FUT,88888,0,1,699835867.34,14500.0,-64515977483.85,-16128994370.96,48386983112.89,23,1
1995-05-07,BFS_SINGAPORE,EQUITY_DERIVATIVES_APAC,NICK_LEESON,JGB_FUT,AUTH_MAIN,1,0,83410859.94,148.6996,-936068.83,-234017.21,702051.62,20,1
1995-05-07,BFS_SINGAPORE,EQUITY_DERIVATIVES_APAC,NICK_LEESON,NIKKEI_SHORT_VOL,88888,0,1,56023143.03,14500.0,-20666139.77,-5166534.94,15499604.83,23,1
1995-05-08,BFS_SINGAPORE,EQUITY_DERIVATIVES_APAC,NICK_LEESON,NIKKEI_FUT,AUTH_MAIN,1,0,746225057.33,14500.0,-51745540734.92,-12936385183.73,38809155551.19,19,1
1995-05-08,BFS_SINGAPORE,EQUITY_DERIVATIVES_APAC,NICK_LEESON,JGB_FUT,88888,0,1,101826593.42,148.4924,-513250.99,-128312.75,384938.24,21,1
1995-05-08,BFS_SINGAPORE,EQUITY_DERIVATIVES_APAC,NICK_LEESON,NIKKEI_SHORT_VOL,88888,0,1,59265759.57,14500.0,-20646367.5,-5161591.87,15484775.62,18,1
1995-05-09,BFS_SINGAPORE,EQUITY_DERIVATIVES_APAC,NICK_LEESON,NIKKEI_FUT,AUTH_MAIN,1,0,750277694.39,14510.9166,20390444645.38,20390444645.38,0.0,18,1
1995-05-09,BFS_SINGAPORE,EQUITY_DERIVATIVES_APAC,NICK_LEESON,JGB_FUT,88888,0,1,109961265.21,148.5286,-1185772.85,-296443.21,889329.64,23,1
1995-05-09,BFS_SINGAPORE,EQUITY_DERIVATIVES_APAC,NICK_LEESON,NIKKEI_SHORT_VOL,88888,0,1,60722938.92,14510.9166,-19728891.27,-4932222.82,14796668.45,17,1
1995-05-10,BFS_SINGAPORE,EQUITY_DERIVATIVES_APAC,NICK_LEESON,NIKKEI_FUT,AUTH_MAIN,1,0,794933732.25,14624.1464,224827926907.74,224827926907.74,0.0,23,1
1995-05-10,BFS_SINGAPORE,EQUITY_DERIVATIVES_APAC,NICK_LEESON,JGB_FUT,88888,0,1,123610409.1,148.5098,-862808.14,-215702.03,647106.1,23,1
1995-05-10,BFS_SINGAPORE,EQUITY_DERIVATIVES_APAC,NICK_LEESON,NIKKEI_SHORT_VOL,88888,0,1,65614797.62,14624.1464,-19101380.54,-4775345.14,14326035.41,23,1
1995-05-11,BFS_SINGAPORE,EQUITY_DERIVATIVES_APAC,NICK_LEESON,NIKKEI_FUT,AUTH_MAIN,1,0,782041588.54,14663.095,75773817365.75,75773817365.75,0.0,21,1
1995-05-11,BFS_SINGAPORE,EQUITY_DERIVATIVES_APAC,NICK_LEESON,JGB_FUT,88888,0,1,149650678.84,148.5511,-278411.06,-69602.76,208808.29,18,1
1995-05-11,BFS_SINGAPORE,EQUITY_DERIVATIVES_APAC,NICK_LEESON,NIKKEI_SHORT_VOL,88888,0,1,75845492.05,14663.095,-19771454.55,-4942863.64,14828590.92,23,1
1995-05-12,BFS_SINGAPORE,EQUITY_DERIVATIVES_APAC,NICK_LEESON,NIKKEI_FUT,AUTH_MAIN,1,0,930409812.56,14791.2551,303744431201.17,303744431201.17,0.0,17,1
1995-05-12,BFS_SINGAPORE,EQUITY_DERIVATIVES_APAC,NICK_LEESON,JGB_FUT,88888,0,1,178052130.64,148.6979,-655428.69,-163857.17,491571.52,15,1
1995-05-12,BFS_SINGAPORE,EQUITY_DERIVATIVES_APAC,NICK_LEESON,NIKKEI_SHORT_VOL,88888,0,1,85839278.77,14791.2551,-20817976.18,-5204494.05,15613482.14,21,1
1995-05-13,BFS_SINGAPORE,EQUITY_DERIVATIVES_APAC,NICK_LEESON,NIKKEI_FUT,88888,0,1,1105112979.38,14786.7673,-12171854104.71,-3042963526.18,9128890578.53,18,1
1995-05-13,BFS_SINGAPORE,EQUITY_DERIVATIVES_APAC,NICK_LEESON,JGB_FUT,88888,0,1,185882358.89,148.6875,-1762267.63,-440566.91,1321700.72,23,1
1995-05-13,BFS_SINGAPORE,EQUITY_DERIVATIVES_APAC,NICK_LEESON,NIKKEI_SHORT_VOL,AUTH_MAIN,1,0,108449757.8,14786.7673,-18761870.47,-4690467.62,14071402.86,23,1
1995-05-14,BFS_SINGAPORE,EQUITY_DERIVATIVES_APAC,NICK_LEESON,NIKKEI_FUT,88888,0,1,1208631341.5,14746.0571,-122097620576.16,-30524405144.04,91573215432.12,21,1
1995-05-14,BFS_SINGAPORE,EQUITY_DERIVATIVES_APAC,NICK_LEESON,JGB_FUT,88888,0,1,190817519.26,148.7099,-1338074.31,-334518.58,1003555.73,15,1
1995-05-14,BFS_SINGAPORE,EQUITY_DERIVATIVES_APAC,NICK_LEESON,NIKKEI_SHORT_VOL,88888,0,1,123094898.3,14746.0571,-19826578.1,-4956644.53,14869933.58,23,1
1995-05-15,BFS_SINGAPORE,EQUITY_DERIVATIVES_APAC,NICK_LEESON,NIKKEI_FUT,AUTH_MAIN,1,0,1405910327.12,14797.4654,177541120004.35,177541120004.35,0.0,19,1
1995-05-15,BFS_SINGAPORE,EQUITY_DERIVATIVES_APAC,NICK_LEESON,JGB_FUT,88888,0,1,193630323.37,148.7123,-799612.34,-199903.08,599709.25,21,1
1995-05-15,BFS_SINGAPORE,EQUITY_DERIVATIVES_APAC,NICK_LEESON,NIKKEI_SHORT_VOL,88888,0,1,131420595.56,14797.4654,-19737274.32,-4934318.58,14802955.74,16,1
1995-05-16,BFS_SINGAPORE,EQUITY_DERIVATIVES_APAC,NICK_LEESON,NIKKEI_FUT,88888,0,1,1773785626.03,14749.8567,-207953959564.22,-51988489891.05,155965469673.16,17,1
1995-05-16,BFS_SINGAPORE,EQUITY_DERIVATIVES_APAC,NICK_LEESON,JGB_FUT,88888,0,1,222634711.23,148.8695,-586813.42,-146703.36,440110.07,16,1
1995-05-16,BFS_SINGAPORE,EQUITY_DERIVATIVES_APAC,NICK_LEESON,NIKKEI_SHORT_VOL,88888,0,1,146502709.53,14749.8567,-19934879.84,-4983719.96,14951159.88,12,1
1995-05-17,BFS_SINGAPORE,EQUITY_DERIVATIVES_APAC,NICK_LEESON,NIKKEI_FUT,88888,0,1,2039692208.7,14601.1082,-749874017820.96,-187468504455.24,562405513365.72,16,1
1995-05-17,BFS_SINGAPORE,EQUITY_DERIVATIVES_APAC,NICK_LEESON,JGB_FUT,AUTH_MAIN,1,0,244701426.63,149.0923,86846.04,86846.04,0.0,23,1
1995-05-17,BFS_SINGAPORE,EQUITY_DERIVATIVES_APAC,NICK_LEESON,NIKKEI_SHORT_VOL,88888,0,1,187403633.65,14601.1082,-19663176.05,-4915794.01,14747382.04,17,1
1995-05-18,BFS_SINGAPORE,EQUITY_DERIVATIVES_APAC,NICK_LEESON,NIKKEI_FUT,AUTH_MAIN,1,0,2158973745.85,14670.732,369663615530.43,369663615530.43,0.0,23,1
1995-05-18,BFS_SINGAPORE,EQUITY_DERIVATIVES_APAC,NICK_LEESON,JGB_FUT,AUTH_MAIN,1,0,266396282.39,149.4212,-775735.89,-193933.97,581801.92,20,1
1995-05-18,BFS_SINGAPORE,EQUITY_DERIVATIVES_APAC,NICK_LEESON,NIKKEI_SHORT_VOL,88888,0,1,216904050.73,14670.732,-18162994.03,-4540748.51,13622245.52,16,1
1995-05-19,BFS_SINGAPORE,EQUITY_DERIVATIVES_APAC,NICK_LEESON,NIKKEI_FUT,88888,0,1,2422257669.02,14500.0,-1764926218555.2,-441231554638.8,1323694663916.4,22,1
1995-05-19,BFS_SINGAPORE,EQUITY_DERIVATIVES_APAC,NICK_LEESON,JGB_FUT,AUTH_MAIN,1,0,335257384.34,149.5352,-900667.2,-225166.8,675500.4,23,1
1995-05-19,BFS_SINGAPORE,EQUITY_DERIVATIVES_APAC,NICK_LEESON,NIKKEI_SHORT_VOL,88888,0,1,266614584.19,14500.0,-18990275.3,-4747568.83,14242706.48,18,1
1995-05-20,BFS_SINGAPORE,EQUITY_DERIVATIVES_APAC,NICK_LEESON,NIKKEI_FUT,AUTH_MAIN,1,0,2487582953.9,14500.0,-309153384439.22,-77288346109.81,231865038329.42,23,1
1995-05-20,BFS_SINGAPORE,EQUITY_DERIVATIVES_APAC,NICK_LEESON,JGB_FUT,AUTH_MAIN,1,0,361450239.08,149.6562,-950673.82,-237668.45,713005.36,22,1
1995-05-20,BFS_SINGAPORE,EQUITY_DERIVATIVES_APAC,NICK_LEESON,NIKKEI_SHORT_VOL,88888,0,1,274194631.52,14500.0,-20300300.21,-5075075.05,15225225.16,21,1
1995-05-21,BFS_SINGAPORE,EQUITY_DERIVATIVES_APAC,NICK_LEESON,NIKKEI_FUT,88888,0,1,2788107980.06,14500.0,-1144987966947.22,-286246991736.81,858740975210.42,20,1
1995-05-21,BFS_SINGAPORE,EQUITY_DERIVATIVES_APAC,NICK_LEESON,JGB_FUT,88888,0,1,401708171.71,149.6837,-571626.29,-142906.57,428719.72,18,1
1995-05-21,BFS_SINGAPORE,EQUITY_DERIVATIVES_APAC,NICK_LEESON,NIKKEI_SHORT_VOL,88888,0,1,294567168.93,14500.0,-19103877.66,-4775969.42,14327908.25,18,1
1995-05-22,BFS_SINGAPORE,EQUITY_DERIVATIVES_APAC,NICK_LEESON,NIKKEI_FUT,AUTH_MAIN,1,0,3057916481.86,14532.2037,245467188838.2,245467188838.2,0.0,21,1
1995-05-22,BFS_SINGAPORE,EQUITY_DERIVATIVES_APAC,NICK_LEESON,JGB_FUT,88888,0,1,472068953.23,149.6798,-2048510.01,-512127.5,1536382.51,23,1
1995-05-22,BFS_SINGAPORE,EQUITY_DERIVATIVES_APAC,NICK_LEESON,NIKKEI_SHORT_VOL,88888,0,1,344728894.34,14532.2037,-19645653.21,-4911413.3,14734239.91,23,1
